{
    "loss": 1.7454887628555298,
    "accuracy": 0.9137930870056152
}