{
    "loss": 2.7617876529693604,
    "accuracy": 0.8362069129943848
}